Product,Store,Quantity,Price,PaymentMethod,Day,Month,Year,Weekday,Quarter,IsWeekend,IsHoliday,Sales_last_day,7_day_avg,30_day_avg
1,2,5,24.88,CASH,10,2,2025,0,1,0,0,0.0,5.0,5.0
2,2,0,29.93,CREDIT,14,1,2025,1,1,0,0,5.0,2.5,2.5
1,0,8,10.7,CASH,20,1,2025,0,1,0,0,0.0,4.333333333333333,4.333333333333333
1,3,0,44.1,UPI,12,1,2025,6,1,1,0,8.0,3.25,3.25
7,1,10,22.05,UPI,28,2,2025,4,1,0,0,0.0,4.6,4.6
4,3,0,39.9,CASH,9,1,2025,3,1,0,0,10.0,3.8333333333333335,3.8333333333333335
6,1,7,38.19,UPI,7,1,2025,1,1,0,0,0.0,4.285714285714286,4.285714285714286
1,0,0,47.15,CASH,1,2,2025,5,1,1,0,7.0,3.5714285714285716,3.75
1,2,9,31.72,CASH,3,2,2025,0,1,0,0,0.0,4.857142857142857,4.333333333333333
8,1,7,11.47,CASH,6,2,2025,3,1,0,0,9.0,4.714285714285714,4.6
4,0,1,10.58,CREDIT,19,1,2025,6,1,1,0,7.0,4.857142857142857,4.2727272727272725
8,1,8,21.18,CASH,15,1,2025,2,1,0,0,1.0,4.571428571428571,4.583333333333333
6,0,10,24.51,CASH,12,1,2025,6,1,1,0,8.0,6.0,5.0
5,1,1,9.62,CASH,21,1,2025,1,1,0,0,10.0,5.142857142857143,4.714285714285714
5,2,0,7.26,CASH,14,2,2025,4,1,0,0,1.0,5.142857142857143,4.4
4,2,0,29.07,CREDIT,10,1,2025,4,1,0,0,0.0,3.857142857142857,4.125
1,0,10,7.42,CASH,18,1,2025,5,1,1,0,0.0,4.285714285714286,4.470588235294118
2,1,3,33.34,CREDIT,6,1,2025,0,1,0,0,10.0,4.571428571428571,4.388888888888889
6,2,0,15.77,UPI,25,2,2025,1,1,0,0,3.0,3.4285714285714284,4.157894736842105
7,2,6,48.15,CREDIT,13,1,2025,0,1,0,0,0.0,2.857142857142857,4.25
5,2,7,36.89,CREDIT,7,1,2025,1,1,0,0,6.0,3.7142857142857144,4.380952380952381
2,1,3,39.11,UPI,14,2,2025,4,1,0,0,7.0,4.142857142857143,4.318181818181818
1,0,9,27.33,UPI,14,2,2025,4,1,0,0,3.0,5.428571428571429,4.521739130434782
1,2,7,38.84,CASH,7,2,2025,4,1,0,0,9.0,5.0,4.625
1,3,0,12.41,UPI,12,2,2025,2,1,0,0,7.0,4.571428571428571,4.44
6,1,0,47.91,CASH,14,1,2025,1,1,0,0,0.0,4.571428571428571,4.269230769230769
4,1,7,23.57,CASH,22,2,2025,5,1,1,0,0.0,4.714285714285714,4.37037037037037
1,0,6,6.56,CASH,16,1,2025,3,1,0,0,7.0,4.571428571428571,4.428571428571429
7,2,3,23.48,CASH,12,1,2025,6,1,1,0,6.0,4.571428571428571,4.379310344827586
8,0,9,30.14,CASH,20,1,2025,0,1,0,0,3.0,4.571428571428571,4.533333333333333
2,1,10,9.23,UPI,7,2,2025,4,1,0,0,9.0,5.0,4.7
1,3,0,31.06,CASH,2,2,2025,6,1,1,0,10.0,5.0,4.7
8,0,1,36.71,CREDIT,15,2,2025,5,1,1,0,0.0,5.142857142857143,4.466666666666667
5,1,9,27.47,CASH,14,2,2025,4,1,0,0,1.0,5.428571428571429,4.766666666666667
1,2,0,40.74,CASH,8,1,2025,2,1,0,0,9.0,4.571428571428571,4.433333333333334
5,0,7,14.1,UPI,7,2,2025,4,1,0,0,0.0,5.142857142857143,4.666666666666667
5,1,0,27.98,CASH,4,2,2025,1,1,0,0,7.0,3.857142857142857,4.433333333333334
8,2,0,18.9,CASH,27,2,2025,3,1,0,0,0.0,2.4285714285714284,4.433333333333334
8,2,1,48.41,CREDIT,26,2,2025,2,1,0,0,0.0,2.5714285714285716,4.166666666666667
7,0,6,6.03,CASH,27,2,2025,3,1,0,0,1.0,3.2857142857142856,4.133333333333334
1,0,8,20.25,CASH,27,1,2025,0,1,0,0,6.0,3.142857142857143,4.366666666666666
2,3,9,16.36,CREDIT,4,2,2025,1,1,0,0,8.0,4.428571428571429,4.4
7,0,3,9.42,CASH,17,2,2025,0,1,0,0,9.0,3.857142857142857,4.166666666666667
7,0,6,42.47,CASH,8,2,2025,5,1,1,0,3.0,4.714285714285714,4.333333333333333
7,2,2,17.94,CASH,26,2,2025,2,1,0,0,6.0,5.0,4.4
2,3,9,22.45,CREDIT,30,1,2025,3,1,0,0,2.0,6.142857142857143,4.7
8,3,2,43.46,CASH,6,2,2025,3,1,0,0,9.0,5.571428571428571,4.433333333333334
5,0,0,45.76,CASH,17,2,2025,0,1,0,0,2.0,4.428571428571429,4.333333333333333
1,2,0,32.19,CASH,21,1,2025,1,1,0,0,0.0,3.142857142857143,4.333333333333333
5,2,1,9.73,CASH,4,1,2025,5,1,1,0,0.0,2.857142857142857,4.166666666666667
8,1,5,23.4,UPI,12,1,2025,6,1,1,0,1.0,2.7142857142857144,4.1
1,1,6,23.54,CASH,30,1,2025,3,1,0,0,5.0,3.2857142857142856,4.2
8,1,1,38.05,CASH,3,1,2025,4,1,0,0,6.0,2.142857142857143,3.933333333333333
1,0,4,41.84,CASH,14,1,2025,1,1,0,0,1.0,2.4285714285714284,3.8333333333333335
7,0,0,20.3,CREDIT,15,1,2025,2,1,0,0,4.0,2.4285714285714284,3.8333333333333335
1,0,2,25.84,CASH,6,2,2025,3,1,0,0,0.0,2.7142857142857144,3.9
8,3,0,7.46,CASH,1,2,2025,5,1,1,0,2.0,2.5714285714285716,3.6666666666666665
4,1,6,11.49,CASH,28,1,2025,1,1,0,0,0.0,2.7142857142857144,3.6666666666666665
6,1,0,17.63,CASH,22,2,2025,5,1,1,0,6.0,1.8571428571428572,3.566666666666667
8,1,0,33.68,CASH,11,1,2025,5,1,1,0,0.0,1.7142857142857142,3.2666666666666666
7,2,0,10.05,CASH,14,1,2025,1,1,0,0,0.0,1.1428571428571428,2.933333333333333
1,3,7,17.69,CASH,3,2,2025,0,1,0,0,0.0,2.142857142857143,3.1666666666666665
5,2,0,29.17,CASH,19,1,2025,6,1,1,0,7.0,1.8571428571428572,3.1333333333333333
4,1,1,22.42,CASH,18,1,2025,5,1,1,0,0.0,2.0,2.8666666666666667
5,0,9,43.35,UPI,18,2,2025,1,1,0,0,1.0,2.4285714285714284,3.1666666666666665
2,3,4,26.07,CREDIT,13,2,2025,3,1,0,0,9.0,3.0,3.066666666666667
1,2,5,21.52,CASH,7,1,2025,1,1,0,0,4.0,3.7142857142857144,3.2333333333333334
4,1,2,32.54,CASH,18,1,2025,5,1,1,0,5.0,4.0,3.3
4,2,3,46.32,CASH,14,2,2025,4,1,0,0,2.0,3.4285714285714284,3.3666666666666667
1,3,6,16.46,CASH,20,1,2025,0,1,0,0,3.0,4.285714285714286,3.3666666666666667
1,1,10,40.46,CASH,10,2,2025,0,1,0,0,6.0,5.571428571428571,3.433333333333333
7,2,1,26.95,CASH,15,1,2025,2,1,0,0,10.0,4.428571428571429,3.1666666666666665
5,3,9,34.2,CASH,17,2,2025,0,1,0,0,1.0,5.142857142857143,3.3666666666666667
6,1,0,45.5,CASH,7,1,2025,1,1,0,0,9.0,4.428571428571429,3.1666666666666665
8,2,9,35.8,CASH,16,2,2025,6,1,1,0,0.0,5.428571428571429,3.4
6,1,3,33.64,CREDIT,19,1,2025,6,1,1,0,9.0,5.428571428571429,3.2
8,2,0,18.65,CREDIT,15,2,2025,5,1,1,0,3.0,4.571428571428571,3.1333333333333333
6,0,3,46.76,CASH,6,1,2025,0,1,0,0,0.0,3.5714285714285716,3.2333333333333334
1,3,3,30.38,CASH,26,2,2025,2,1,0,0,3.0,3.857142857142857,3.3333333333333335
1,2,0,20.38,UPI,25,2,2025,1,1,0,0,3.0,2.5714285714285716,3.3
1,2,0,19.63,CASH,23,2,2025,6,1,1,0,0.0,2.5714285714285716,3.1333333333333333
1,3,3,39.28,CASH,5,1,2025,6,1,1,0,0.0,1.7142857142857142,3.033333333333333
7,0,0,5.02,CASH,24,2,2025,0,1,0,0,3.0,1.2857142857142858,3.0
1,1,4,22.47,CASH,4,1,2025,5,1,1,0,0.0,1.8571428571428572,3.0
5,2,4,15.85,CREDIT,7,2,2025,4,1,0,0,4.0,2.0,3.1333333333333333
2,1,0,17.82,CREDIT,28,2,2025,4,1,0,0,4.0,1.5714285714285714,3.066666666666667
6,3,0,11.46,CREDIT,16,2,2025,6,1,1,0,0.0,1.5714285714285714,3.066666666666667
8,1,3,40.63,CREDIT,9,2,2025,6,1,1,0,0.0,2.0,2.966666666666667
5,2,10,36.58,UPI,12,1,2025,6,1,1,0,3.0,3.0,3.3
1,3,1,49.51,UPI,27,1,2025,0,1,0,0,10.0,3.142857142857143,3.3333333333333335
1,2,4,6.64,CASH,1,1,2025,2,1,0,1,1.0,3.142857142857143,3.466666666666667
5,1,0,18.05,CASH,31,1,2025,4,1,0,0,4.0,2.5714285714285716,3.2333333333333334
8,1,7,44.5,CASH,29,1,2025,2,1,0,0,0.0,3.5714285714285716,3.466666666666667
1,1,4,29.66,CASH,28,1,2025,1,1,0,0,7.0,4.142857142857143,3.566666666666667
2,3,8,22.21,CASH,2,2,2025,6,1,1,0,4.0,4.857142857142857,3.533333333333333
4,1,0,6.97,UPI,21,1,2025,1,1,0,0,8.0,3.4285714285714284,3.4
6,1,4,36.32,CASH,25,2,2025,1,1,0,0,0.0,3.857142857142857,3.3666666666666667
5,2,9,47.88,CASH,30,1,2025,3,1,0,0,4.0,4.571428571428571,3.6
6,3,9,47.42,CASH,28,2,2025,4,1,0,0,9.0,5.857142857142857,3.8
8,2,10,9.64,UPI,14,2,2025,4,1,0,0,9.0,6.285714285714286,3.933333333333333
1,1,4,30.84,CASH,19,2,2025,2,1,0,0,10.0,6.285714285714286,3.7333333333333334
5,1,2,35.36,CREDIT,1,2,2025,5,1,1,0,4.0,5.428571428571429,3.7666666666666666
1,3,1,19.26,CASH,26,2,2025,2,1,0,0,2.0,5.571428571428571,3.5
1,3,7,23.9,CASH,23,2,2025,6,1,1,0,1.0,6.0,3.7333333333333334
2,0,7,15.37,CREDIT,25,1,2025,5,1,1,0,7.0,5.714285714285714,3.6666666666666665
1,0,1,36.53,CASH,5,2,2025,2,1,0,0,7.0,4.571428571428571,3.6
7,1,1,10.38,CASH,20,1,2025,0,1,0,0,1.0,3.2857142857142856,3.6333333333333333
4,3,3,29.05,CASH,16,1,2025,3,1,0,0,1.0,3.142857142857143,3.6333333333333333
5,3,10,19.22,CASH,23,1,2025,3,1,0,0,3.0,4.285714285714286,3.8666666666666667
1,1,3,41.73,CASH,9,2,2025,6,1,1,0,10.0,4.571428571428571,3.966666666666667
4,1,5,6.33,CASH,17,2,2025,0,1,0,0,3.0,4.285714285714286,4.133333333333334
8,0,7,12.8,CASH,15,1,2025,2,1,0,0,5.0,4.285714285714286,4.266666666666667
6,1,6,22.21,UPI,24,1,2025,4,1,0,0,7.0,5.0,4.466666666666667
1,1,0,25.15,CASH,2,2,2025,6,1,1,0,6.0,4.857142857142857,4.333333333333333
2,0,0,23.97,CASH,15,2,2025,5,1,1,0,0.0,4.428571428571429,4.2
5,3,0,41.17,CASH,14,1,2025,1,1,0,0,0.0,3.0,4.2
6,0,0,26.45,CASH,24,2,2025,0,1,0,0,0.0,2.5714285714285716,4.2
1,2,6,15.96,CREDIT,19,1,2025,6,1,1,0,0.0,2.7142857142857144,4.3
8,1,0,5.79,CASH,7,2,2025,4,1,0,0,6.0,1.7142857142857142,3.966666666666667
1,0,3,6.73,UPI,20,1,2025,0,1,0,0,0.0,1.2857142857142858,4.033333333333333
6,2,3,42.0,CASH,1,2,2025,5,1,1,0,3.0,1.7142857142857142,4.0
1,1,3,46.61,CASH,9,1,2025,3,1,0,0,3.0,2.142857142857143,4.1
4,0,8,30.46,CASH,16,1,2025,3,1,0,0,3.0,3.2857142857142856,4.133333333333334
2,1,5,47.81,CASH,3,2,2025,0,1,0,0,8.0,4.0,4.166666666666667
7,3,8,6.45,CASH,5,1,2025,6,1,1,0,5.0,4.285714285714286,4.166666666666667
1,1,9,7.21,UPI,8,2,2025,5,1,1,0,8.0,5.571428571428571,4.466666666666667
7,1,4,15.35,CASH,4,1,2025,5,1,1,0,9.0,5.714285714285714,4.466666666666667
2,0,3,20.12,CASH,28,1,2025,1,1,0,0,4.0,5.714285714285714,4.266666666666667
4,3,5,24.93,CASH,25,1,2025,5,1,1,0,3.0,6.0,4.133333333333334
8,3,2,14.84,CASH,7,1,2025,1,1,0,0,5.0,5.142857142857143,3.8666666666666667
8,1,7,37.41,CASH,4,2,2025,1,1,0,0,2.0,5.428571428571429,3.966666666666667
6,0,4,16.55,CASH,13,2,2025,3,1,0,0,7.0,4.857142857142857,4.033333333333333
5,2,0,31.38,CASH,23,2,2025,6,1,1,0,4.0,3.5714285714285716,4.0
6,2,10,17.65,CREDIT,18,1,2025,5,1,1,0,0.0,4.428571428571429,4.1
7,1,5,44.33,CASH,1,1,2025,2,1,0,1,10.0,4.714285714285714,4.033333333333333
1,1,5,47.43,UPI,18,2,2025,1,1,0,0,5.0,4.714285714285714,4.166666666666667
1,3,8,13.05,CASH,16,2,2025,6,1,1,0,5.0,5.571428571428571,4.4
4,1,6,7.8,CASH,12,2,2025,2,1,0,0,8.0,5.428571428571429,4.5
4,2,9,49.95,CASH,22,2,2025,5,1,1,0,6.0,6.142857142857143,4.466666666666667
8,1,0,22.65,CREDIT,17,1,2025,4,1,0,0,9.0,6.142857142857143,4.366666666666666
4,1,2,10.34,CREDIT,3,2,2025,0,1,0,0,0.0,5.0,4.266666666666667
2,1,7,43.38,CASH,10,1,2025,4,1,0,0,2.0,5.285714285714286,4.266666666666667
1,2,8,10.4,UPI,30,1,2025,3,1,0,0,7.0,5.714285714285714,4.333333333333333
1,3,0,42.55,CASH,7,1,2025,1,1,0,0,8.0,4.571428571428571,4.333333333333333
1,3,6,35.55,UPI,21,2,2025,4,1,0,0,0.0,4.571428571428571,4.533333333333333
7,3,6,27.1,CASH,28,2,2025,4,1,0,0,6.0,4.142857142857143,4.733333333333333
5,1,7,22.84,CASH,8,1,2025,2,1,0,0,6.0,5.142857142857143,4.966666666666667
2,2,10,23.3,UPI,2,1,2025,3,1,0,0,7.0,6.285714285714286,5.1
1,1,0,35.31,CASH,23,1,2025,3,1,0,0,10.0,5.285714285714286,5.1
5,0,0,12.37,CASH,24,2,2025,0,1,0,0,0.0,4.142857142857143,5.0
1,3,2,17.05,CASH,8,1,2025,2,1,0,0,0.0,4.428571428571429,4.966666666666667
8,3,4,42.86,CREDIT,10,1,2025,4,1,0,0,2.0,4.142857142857143,5.0
5,3,8,40.25,UPI,7,1,2025,1,1,0,0,4.0,4.428571428571429,5.0
8,1,5,33.31,CASH,14,2,2025,4,1,0,0,8.0,4.142857142857143,5.0
1,2,0,35.49,UPI,17,2,2025,0,1,0,0,5.0,2.7142857142857144,4.733333333333333
1,0,0,6.0,CREDIT,16,1,2025,3,1,0,0,0.0,2.7142857142857144,4.433333333333334
1,0,8,23.22,CASH,25,1,2025,5,1,1,0,0.0,3.857142857142857,4.566666666666666
7,3,4,35.05,CASH,19,2,2025,2,1,0,0,8.0,4.142857142857143,4.6
1,3,7,48.28,UPI,3,2,2025,0,1,0,0,4.0,4.571428571428571,4.666666666666667
1,2,0,20.76,CASH,8,1,2025,2,1,0,0,7.0,3.4285714285714284,4.6
1,3,3,6.6,CASH,16,1,2025,3,1,0,0,0.0,3.142857142857143,4.466666666666667
1,2,0,49.74,CASH,2,2,2025,6,1,1,0,3.0,3.142857142857143,4.333333333333333
4,1,3,24.34,CASH,14,1,2025,1,1,0,0,0.0,3.5714285714285716,4.433333333333334
7,2,4,15.8,CREDIT,27,2,2025,3,1,0,0,3.0,3.0,4.233333333333333
7,0,0,38.28,UPI,14,1,2025,1,1,0,0,4.0,2.4285714285714284,4.066666666666666
7,2,1,26.9,CASH,10,2,2025,0,1,0,0,0.0,1.5714285714285714,3.933333333333333
1,2,2,33.73,CASH,25,2,2025,1,1,0,0,1.0,1.8571428571428572,3.7333333333333334
1,2,0,23.4,CASH,10,2,2025,0,1,0,0,2.0,1.4285714285714286,3.533333333333333
7,3,9,13.95,CASH,24,1,2025,4,1,0,0,0.0,2.7142857142857144,3.533333333333333
6,1,0,8.78,CASH,17,2,2025,0,1,0,0,9.0,2.2857142857142856,3.533333333333333
1,2,1,48.63,CASH,14,1,2025,1,1,0,0,0.0,1.8571428571428572,3.5
2,0,6,30.13,CASH,7,2,2025,4,1,0,0,1.0,2.7142857142857144,3.466666666666667
8,2,7,24.85,CREDIT,23,1,2025,3,1,0,0,6.0,3.5714285714285716,3.433333333333333
1,3,7,37.79,CASH,6,2,2025,3,1,0,0,7.0,4.285714285714286,3.6666666666666665
1,1,8,28.54,CASH,7,2,2025,4,1,0,0,7.0,5.428571428571429,3.7333333333333334
1,2,6,40.91,CASH,9,2,2025,6,1,1,0,8.0,5.0,3.7333333333333334
4,2,0,32.81,CASH,25,1,2025,5,1,1,0,6.0,5.0,3.5
1,1,8,35.41,CASH,29,1,2025,2,1,0,0,0.0,6.0,3.433333333333333
1,0,0,19.58,CASH,21,1,2025,1,1,0,0,8.0,5.142857142857143,3.433333333333333
1,3,10,42.02,UPI,28,2,2025,4,1,0,0,0.0,5.571428571428571,3.7666666666666666
1,0,4,16.33,CASH,15,2,2025,5,1,1,0,10.0,5.142857142857143,3.8333333333333335
1,1,0,31.32,CASH,7,1,2025,1,1,0,0,4.0,4.0,3.7
8,2,0,49.09,UPI,19,2,2025,2,1,0,0,0.0,3.142857142857143,3.433333333333333
1,2,6,19.9,UPI,12,2,2025,2,1,0,0,0.0,4.0,3.466666666666667
8,0,0,34.55,CASH,6,1,2025,0,1,0,0,6.0,2.857142857142857,3.466666666666667
8,1,0,38.04,CASH,24,2,2025,0,1,0,0,0.0,2.857142857142857,3.466666666666667
8,2,0,19.33,CASH,22,2,2025,5,1,1,0,0.0,1.4285714285714286,3.2
2,2,2,25.62,CASH,3,1,2025,4,1,0,0,0.0,1.1428571428571428,3.1333333333333333
1,3,3,47.14,CASH,6,1,2025,0,1,0,0,2.0,1.5714285714285714,3.0
1,1,10,36.52,UPI,22,1,2025,2,1,0,0,3.0,3.0,3.3333333333333335
1,0,8,49.95,UPI,15,2,2025,5,1,1,0,10.0,3.2857142857142856,3.5
1,2,8,48.31,CASH,15,2,2025,5,1,1,0,8.0,4.428571428571429,3.7666666666666666
2,0,0,42.66,CREDIT,18,2,2025,1,1,0,0,8.0,4.428571428571429,3.6666666666666665
7,1,10,19.21,CASH,19,1,2025,6,1,1,0,0.0,5.857142857142857,3.8666666666666667
4,1,5,48.12,UPI,26,1,2025,6,1,1,0,10.0,6.285714285714286,4.033333333333333
2,1,5,41.07,CASH,19,1,2025,6,1,1,0,5.0,6.571428571428571,4.166666666666667
1,0,8,48.0,CASH,11,2,2025,1,1,0,0,5.0,6.285714285714286,4.366666666666666
1,0,0,26.85,CASH,26,1,2025,6,1,1,0,8.0,5.142857142857143,4.366666666666666
1,0,8,38.59,CASH,20,1,2025,0,1,0,0,0.0,5.142857142857143,4.333333333333333
6,3,1,11.1,CASH,21,2,2025,4,1,0,0,8.0,5.285714285714286,4.366666666666666
1,2,0,49.09,CASH,22,2,2025,5,1,1,0,1.0,3.857142857142857,4.333333333333333
1,3,0,10.02,CASH,16,1,2025,3,1,0,0,0.0,3.142857142857143,4.133333333333334
4,3,4,25.39,CASH,29,1,2025,2,1,0,0,0.0,3.0,4.033333333333333
2,1,2,47.37,CASH,3,2,2025,0,1,0,0,4.0,2.142857142857143,3.8666666666666667
8,3,9,24.75,CASH,24,1,2025,4,1,0,0,2.0,3.4285714285714284,3.9
6,3,0,37.69,CASH,20,2,2025,3,1,0,0,9.0,2.2857142857142856,3.7
1,0,0,27.01,CASH,26,2,2025,2,1,0,0,0.0,2.142857142857143,3.7
1,3,0,29.06,CASH,26,1,2025,6,1,1,0,0.0,2.142857142857143,3.433333333333333
1,2,5,27.94,UPI,28,1,2025,1,1,0,0,0.0,2.857142857142857,3.6
5,3,5,30.57,UPI,3,1,2025,4,1,0,0,5.0,3.0,3.433333333333333
4,2,8,37.83,CASH,12,2,2025,2,1,0,0,5.0,3.857142857142857,3.566666666666667
4,1,4,8.18,UPI,2,2,2025,6,1,1,0,8.0,3.142857142857143,3.7
2,0,10,9.11,CASH,14,2,2025,4,1,0,0,4.0,4.571428571428571,4.033333333333333
7,0,0,45.13,CASH,12,2,2025,2,1,0,0,10.0,4.571428571428571,3.8333333333333335
6,2,0,14.16,CASH,15,1,2025,2,1,0,0,0.0,4.571428571428571,3.8333333333333335
7,2,0,27.58,CASH,27,1,2025,0,1,0,0,0.0,3.857142857142857,3.8333333333333335
1,0,8,28.17,CASH,19,1,2025,6,1,1,0,0.0,4.285714285714286,4.1
1,0,0,22.95,CREDIT,30,1,2025,3,1,0,0,8.0,3.142857142857143,4.033333333333333
8,1,0,15.07,CASH,20,1,2025,0,1,0,0,0.0,2.5714285714285716,3.933333333333333
7,2,4,46.98,CASH,2,1,2025,3,1,0,0,0.0,1.7142857142857142,3.7333333333333334
4,2,0,36.31,UPI,11,2,2025,1,1,0,0,4.0,1.7142857142857142,3.466666666666667
5,0,10,22.45,CASH,11,1,2025,5,1,1,0,0.0,3.142857142857143,3.533333333333333
1,3,2,14.55,CASH,1,2,2025,5,1,1,0,10.0,3.4285714285714284,3.6
7,1,7,48.12,CREDIT,16,2,2025,6,1,1,0,2.0,3.2857142857142856,3.5
1,3,4,40.55,CASH,8,2,2025,5,1,1,0,7.0,3.857142857142857,3.466666666666667
6,1,6,18.16,CASH,23,2,2025,6,1,1,0,4.0,4.714285714285714,3.5
1,2,0,20.0,CREDIT,9,1,2025,3,1,0,0,6.0,4.142857142857143,3.2333333333333334
7,3,2,47.18,CASH,8,2,2025,5,1,1,0,0.0,4.428571428571429,3.3
7,2,3,22.44,CASH,14,1,2025,1,1,0,0,2.0,3.4285714285714284,3.1333333333333333
5,0,0,47.01,CREDIT,21,2,2025,4,1,0,0,3.0,3.142857142857143,3.1
8,3,0,7.01,CASH,14,2,2025,4,1,0,0,0.0,2.142857142857143,3.1
2,1,0,26.12,CREDIT,8,1,2025,2,1,0,0,0.0,1.5714285714285714,3.1
5,2,9,18.77,CASH,12,2,2025,2,1,0,0,0.0,2.0,3.2666666666666666
6,3,6,12.94,UPI,16,1,2025,3,1,0,0,9.0,2.857142857142857,3.4
5,3,9,26.35,CASH,11,1,2025,5,1,1,0,6.0,3.857142857142857,3.4
1,2,3,42.92,CASH,25,2,2025,1,1,0,0,9.0,3.857142857142857,3.5
1,3,2,19.79,UPI,3,1,2025,4,1,0,0,3.0,4.142857142857143,3.566666666666667
6,0,4,33.33,CASH,13,2,2025,3,1,0,0,2.0,4.714285714285714,3.7
6,1,7,19.92,CREDIT,26,2,2025,2,1,0,0,4.0,5.714285714285714,3.7666666666666666
8,2,0,40.32,CASH,14,2,2025,4,1,0,0,7.0,4.428571428571429,3.6
5,2,10,11.5,UPI,9,1,2025,3,1,0,0,0.0,5.0,3.6666666666666665
8,0,0,16.29,CASH,1,2,2025,5,1,1,0,10.0,3.7142857142857144,3.533333333333333
2,0,4,42.45,UPI,9,2,2025,6,1,1,0,0.0,3.857142857142857,3.3333333333333335
1,2,0,45.73,CASH,17,1,2025,4,1,0,0,4.0,3.5714285714285716,3.3333333333333335
7,2,0,5.83,CASH,18,1,2025,5,1,1,0,0.0,3.0,3.3333333333333335
7,1,7,28.32,CREDIT,6,1,2025,0,1,0,0,0.0,3.0,3.566666666666667
7,0,0,7.41,UPI,13,1,2025,0,1,0,0,7.0,3.0,3.3
4,1,1,32.31,CASH,2,2,2025,6,1,1,0,0.0,1.7142857142857142,3.3333333333333335
4,3,10,43.24,CASH,4,1,2025,5,1,1,0,1.0,3.142857142857143,3.6666666666666665
2,3,9,28.07,CASH,6,2,2025,3,1,0,0,10.0,3.857142857142857,3.8333333333333335
2,1,2,47.15,CASH,11,1,2025,5,1,1,0,9.0,4.142857142857143,3.9
1,0,9,35.09,UPI,6,1,2025,0,1,0,0,2.0,5.428571428571429,3.8666666666666667
1,2,4,7.83,CASH,29,1,2025,2,1,0,0,9.0,5.0,3.933333333333333
1,0,4,43.34,CASH,22,1,2025,2,1,0,0,4.0,5.571428571428571,3.8333333333333335
5,1,5,48.07,CREDIT,20,2,2025,3,1,0,0,4.0,6.142857142857143,3.8666666666666667
1,1,8,12.03,CASH,12,2,2025,2,1,0,0,5.0,5.857142857142857,3.933333333333333
5,2,4,38.03,CASH,4,2,2025,1,1,0,0,8.0,5.142857142857143,4.066666666666666
1,2,4,7.52,CASH,27,1,2025,0,1,0,0,4.0,5.428571428571429,4.133333333333334
6,1,0,9.54,CASH,9,1,2025,3,1,0,0,4.0,4.142857142857143,4.033333333333333
1,0,0,10.52,CASH,19,1,2025,6,1,1,0,0.0,3.5714285714285716,4.033333333333333
8,2,9,7.17,CREDIT,1,2,2025,5,1,1,0,0.0,4.285714285714286,4.333333333333333
7,2,3,32.07,CREDIT,7,1,2025,1,1,0,0,9.0,4.0,4.433333333333334
6,3,0,41.31,CASH,29,1,2025,2,1,0,0,3.0,2.857142857142857,4.133333333333334
8,2,7,18.6,CASH,11,1,2025,5,1,1,0,0.0,3.2857142857142856,4.166666666666667
5,0,6,17.39,CASH,28,1,2025,1,1,0,0,7.0,3.5714285714285716,4.066666666666666
7,1,9,18.51,UPI,19,1,2025,6,1,1,0,6.0,4.857142857142857,4.266666666666667
8,0,2,29.62,CASH,16,2,2025,6,1,1,0,9.0,5.142857142857143,4.266666666666667
1,3,0,15.96,CASH,30,1,2025,3,1,0,0,2.0,3.857142857142857,4.133333333333334
8,0,0,11.42,CASH,7,1,2025,1,1,0,0,0.0,3.4285714285714284,3.9
1,1,1,17.7,CREDIT,2,1,2025,3,1,0,0,0.0,3.5714285714285716,3.933333333333333
8,3,0,22.21,CASH,23,1,2025,3,1,0,0,1.0,2.5714285714285716,3.6
8,2,0,44.83,CASH,9,2,2025,6,1,1,0,0.0,1.7142857142857142,3.6
8,2,1,43.25,CASH,3,1,2025,4,1,0,0,0.0,0.5714285714285714,3.5
8,0,10,27.56,CASH,29,1,2025,2,1,0,0,1.0,1.7142857142857142,3.8333333333333335
6,3,7,13.91,CASH,22,2,2025,5,1,1,0,10.0,2.7142857142857144,4.066666666666666
4,2,6,39.85,CASH,27,1,2025,0,1,0,0,7.0,3.5714285714285716,4.033333333333333
1,2,0,7.7,CASH,2,2,2025,6,1,1,0,6.0,3.4285714285714284,4.033333333333333
5,0,0,25.14,UPI,7,2,2025,4,1,0,0,0.0,3.4285714285714284,4.0
5,3,5,20.21,CASH,27,1,2025,0,1,0,0,0.0,4.142857142857143,3.8333333333333335
5,0,3,36.58,CASH,26,1,2025,6,1,1,0,5.0,4.428571428571429,3.6333333333333333
8,1,10,12.85,CASH,5,2,2025,2,1,0,0,3.0,4.428571428571429,3.9
8,2,8,24.01,CASH,20,1,2025,0,1,0,0,10.0,4.571428571428571,3.8666666666666667
4,0,0,48.71,CASH,14,1,2025,1,1,0,0,8.0,3.7142857142857144,3.7333333333333334
7,2,4,39.6,CASH,29,1,2025,2,1,0,0,0.0,4.285714285714286,3.7333333333333334
1,2,8,45.81,CASH,16,2,2025,6,1,1,0,4.0,5.428571428571429,3.8333333333333335
5,2,8,26.07,CASH,16,1,2025,3,1,0,0,8.0,5.857142857142857,3.8333333333333335
2,1,2,6.76,CASH,2,1,2025,3,1,0,0,8.0,5.714285714285714,3.7666666666666666
6,0,0,26.34,CASH,24,1,2025,4,1,0,0,2.0,4.285714285714286,3.6333333333333333
1,0,6,31.71,CASH,18,1,2025,5,1,1,0,0.0,4.0,3.8333333333333335
5,0,9,41.27,CREDIT,31,1,2025,4,1,0,0,6.0,5.285714285714286,4.133333333333334
2,3,0,30.03,CASH,12,2,2025,2,1,0,0,9.0,4.714285714285714,3.8333333333333335
7,3,9,14.97,CASH,27,1,2025,0,1,0,0,0.0,4.857142857142857,4.033333333333333
6,2,5,25.45,CASH,16,1,2025,3,1,0,0,9.0,4.428571428571429,4.2
8,0,5,7.1,CASH,4,1,2025,5,1,1,0,5.0,4.857142857142857,4.133333333333334
1,2,7,25.8,CASH,23,2,2025,6,1,1,0,5.0,5.857142857142857,4.166666666666667
6,3,0,8.04,CASH,11,1,2025,5,1,1,0,7.0,5.0,3.8666666666666667
1,2,0,36.44,CASH,1,1,2025,2,1,0,1,0.0,3.7142857142857144,3.8
4,0,7,40.73,CASH,20,1,2025,0,1,0,0,0.0,4.714285714285714,4.033333333333333
1,2,2,23.54,CASH,12,2,2025,2,1,0,0,7.0,3.7142857142857144,4.1
5,2,9,23.47,CASH,5,2,2025,2,1,0,0,2.0,4.285714285714286,4.366666666666666
1,3,0,50.0,CREDIT,16,1,2025,3,1,0,0,9.0,3.5714285714285716,4.366666666666666
7,1,1,22.39,CASH,24,2,2025,0,1,0,0,0.0,2.7142857142857144,4.4
4,2,4,32.42,CASH,26,2,2025,2,1,0,0,1.0,3.2857142857142856,4.5
4,1,8,47.29,CASH,3,1,2025,4,1,0,0,4.0,4.428571428571429,4.433333333333334
5,2,0,28.32,CASH,25,1,2025,5,1,1,0,8.0,3.4285714285714284,4.2
7,3,0,48.98,CASH,8,2,2025,5,1,1,0,0.0,3.142857142857143,4.0
7,3,2,30.22,CREDIT,7,1,2025,1,1,0,0,0.0,2.142857142857143,4.066666666666666
5,0,5,42.87,CASH,25,2,2025,1,1,0,0,2.0,2.857142857142857,4.233333333333333
6,3,10,29.89,CASH,2,2,2025,6,1,1,0,5.0,4.142857142857143,4.4
2,3,0,47.74,CASH,6,2,2025,3,1,0,0,10.0,3.5714285714285716,4.3
1,1,5,17.69,CREDIT,30,1,2025,3,1,0,0,0.0,3.142857142857143,4.133333333333334
6,3,0,25.91,CREDIT,17,2,2025,0,1,0,0,5.0,3.142857142857143,3.8666666666666667
6,0,9,42.62,CASH,7,1,2025,1,1,0,0,0.0,4.428571428571429,4.166666666666667
1,1,0,32.26,CASH,6,2,2025,3,1,0,0,9.0,4.142857142857143,4.033333333333333
4,1,6,7.77,CREDIT,3,2,2025,0,1,0,0,0.0,4.285714285714286,3.966666666666667
4,2,4,45.36,CASH,12,1,2025,6,1,1,0,6.0,3.4285714285714284,3.8333333333333335
4,3,9,30.27,CASH,18,1,2025,5,1,1,0,4.0,4.714285714285714,4.066666666666666
6,1,3,21.71,CASH,27,2,2025,3,1,0,0,9.0,4.428571428571429,4.166666666666667
7,0,0,48.13,CASH,3,1,2025,4,1,0,0,3.0,4.428571428571429,3.966666666666667
5,3,7,48.75,UPI,23,2,2025,6,1,1,0,0.0,4.142857142857143,3.9
1,2,0,36.98,CASH,5,1,2025,6,1,1,0,7.0,4.142857142857143,3.9
8,2,3,19.49,CASH,22,1,2025,2,1,0,0,0.0,3.7142857142857144,3.7
5,1,0,30.69,CREDIT,29,1,2025,2,1,0,0,3.0,3.142857142857143,3.533333333333333
8,3,0,49.93,CASH,17,2,2025,0,1,0,0,0.0,1.8571428571428572,3.3666666666666667
5,0,7,19.92,CASH,30,1,2025,3,1,0,0,0.0,2.4285714285714284,3.3666666666666667
4,3,2,33.69,CREDIT,28,2,2025,4,1,0,0,7.0,2.7142857142857144,3.433333333333333
1,0,5,21.53,CASH,2,1,2025,3,1,0,0,2.0,2.4285714285714284,3.6
7,0,8,8.08,CREDIT,17,2,2025,0,1,0,0,5.0,3.5714285714285716,3.6333333333333333
1,2,0,19.31,CASH,9,1,2025,3,1,0,0,8.0,3.142857142857143,3.566666666666667
1,3,0,41.47,CREDIT,14,2,2025,4,1,0,0,0.0,3.142857142857143,3.2666666666666666
5,1,6,30.39,UPI,22,1,2025,2,1,0,0,0.0,4.0,3.466666666666667
2,1,5,21.95,CASH,11,1,2025,5,1,1,0,6.0,3.7142857142857144,3.6
5,0,6,23.73,CASH,1,1,2025,2,1,0,1,5.0,4.285714285714286,3.6666666666666665
2,0,3,41.53,CREDIT,17,2,2025,0,1,0,0,6.0,4.0,3.5
2,0,8,28.24,CASH,1,2,2025,5,1,1,0,3.0,4.0,3.7666666666666666
6,2,10,27.1,CASH,28,2,2025,4,1,0,0,8.0,5.428571428571429,4.1
2,1,9,11.48,CASH,9,2,2025,6,1,1,0,10.0,6.714285714285714,4.333333333333333
1,1,3,11.39,CREDIT,18,1,2025,5,1,1,0,9.0,6.285714285714286,4.266666666666667
7,2,9,31.84,CREDIT,1,2,2025,5,1,1,0,3.0,6.857142857142857,4.233333333333333
5,0,7,43.81,CASH,19,2,2025,2,1,0,0,9.0,7.0,4.466666666666667
5,3,6,29.75,CASH,7,2,2025,4,1,0,0,7.0,7.428571428571429,4.5
4,0,0,39.65,UPI,10,2,2025,0,1,0,0,6.0,6.285714285714286,4.5
7,0,2,16.76,CASH,30,1,2025,3,1,0,0,0.0,5.142857142857143,4.266666666666667
6,1,7,9.92,CASH,28,1,2025,1,1,0,0,2.0,4.857142857142857,4.5
1,2,7,18.41,UPI,8,1,2025,2,1,0,0,7.0,5.428571428571429,4.533333333333333
1,1,0,49.85,CASH,24,1,2025,4,1,0,0,7.0,4.142857142857143,4.4
8,1,9,13.29,CREDIT,12,1,2025,6,1,1,0,0.0,4.428571428571429,4.4
5,0,10,49.15,CASH,15,1,2025,2,1,0,0,9.0,5.0,4.633333333333334
1,2,0,15.26,CREDIT,5,2,2025,2,1,0,0,10.0,5.0,4.633333333333334
5,0,8,8.63,CASH,9,2,2025,6,1,1,0,0.0,5.857142857142857,4.666666666666667
4,2,7,15.99,CASH,15,1,2025,2,1,0,0,8.0,5.857142857142857,4.9
1,1,0,33.67,CASH,17,1,2025,4,1,0,0,7.0,4.857142857142857,4.8
4,0,4,46.2,UPI,17,1,2025,4,1,0,0,0.0,5.428571428571429,4.933333333333334
4,0,0,24.52,CASH,12,2,2025,2,1,0,0,4.0,4.142857142857143,4.933333333333334
8,1,0,25.62,CREDIT,3,2,2025,0,1,0,0,0.0,2.7142857142857144,4.7
7,1,4,32.58,UPI,3,2,2025,0,1,0,0,0.0,3.2857142857142856,4.766666666666667
8,1,0,33.46,CASH,27,2,2025,3,1,0,0,4.0,2.142857142857143,4.6
5,0,7,14.83,CASH,14,2,2025,4,1,0,0,0.0,2.142857142857143,4.566666666666666
8,0,1,47.1,UPI,25,2,2025,1,1,0,0,7.0,2.2857142857142856,4.6
1,2,10,30.6,CASH,21,2,2025,4,1,0,0,1.0,3.142857142857143,4.933333333333334
7,1,0,35.09,CASH,9,1,2025,3,1,0,0,10.0,3.142857142857143,4.733333333333333
2,0,0,13.83,CREDIT,26,2,2025,2,1,0,0,0.0,3.142857142857143,4.566666666666666
5,3,1,14.74,CREDIT,30,1,2025,3,1,0,0,0.0,2.7142857142857144,4.4
1,1,8,33.03,CASH,8,1,2025,2,1,0,0,1.0,3.857142857142857,4.566666666666666
2,0,1,28.04,UPI,9,1,2025,3,1,0,0,8.0,3.0,4.333333333333333
8,0,0,37.36,CASH,19,1,2025,6,1,1,0,1.0,2.857142857142857,4.0
1,0,0,38.91,CASH,24,1,2025,4,1,0,0,0.0,1.4285714285714286,3.7
2,0,6,39.55,CASH,6,2,2025,3,1,0,0,0.0,2.2857142857142856,3.8
7,2,0,47.15,UPI,14,2,2025,4,1,0,0,6.0,2.2857142857142856,3.5
8,0,4,8.7,CASH,21,2,2025,4,1,0,0,0.0,2.7142857142857144,3.4
8,2,1,22.92,CASH,19,1,2025,6,1,1,0,4.0,1.7142857142857142,3.2333333333333334
1,1,6,41.12,CASH,28,2,2025,4,1,0,0,1.0,2.4285714285714284,3.433333333333333
1,1,0,27.1,CASH,11,2,2025,1,1,0,0,6.0,2.4285714285714284,3.3666666666666667
1,1,6,41.81,CASH,10,2,2025,0,1,0,0,0.0,3.2857142857142856,3.3333333333333335
8,3,6,42.92,CASH,23,2,2025,6,1,1,0,6.0,3.2857142857142856,3.3
5,0,0,32.08,CREDIT,23,1,2025,3,1,0,0,6.0,3.2857142857142856,3.3
4,0,1,44.29,CREDIT,16,2,2025,6,1,1,0,0.0,2.857142857142857,3.033333333333333
1,0,0,29.79,CASH,25,2,2025,1,1,0,0,1.0,2.7142857142857144,2.7
8,2,2,27.79,CASH,30,1,2025,3,1,0,0,0.0,2.142857142857143,2.7666666666666666
8,1,10,35.63,UPI,22,2,2025,5,1,1,0,2.0,3.5714285714285716,2.8333333333333335
7,2,0,23.15,CASH,10,1,2025,4,1,0,0,10.0,2.7142857142857144,2.6
2,1,3,26.56,CREDIT,22,2,2025,5,1,1,0,0.0,2.2857142857142856,2.7
8,2,0,36.39,CASH,29,1,2025,2,1,0,0,3.0,2.2857142857142856,2.566666666666667
1,0,1,19.25,CASH,11,1,2025,5,1,1,0,0.0,2.2857142857142856,2.6
7,0,3,28.13,CASH,27,1,2025,0,1,0,0,1.0,2.7142857142857144,2.7
6,2,2,24.28,CASH,28,2,2025,4,1,0,0,3.0,2.7142857142857144,2.6333333333333333
1,1,9,15.55,CASH,28,2,2025,4,1,0,0,2.0,2.5714285714285716,2.933333333333333
7,0,9,26.99,CASH,7,1,2025,1,1,0,0,9.0,3.857142857142857,3.0
8,2,8,49.49,UPI,11,1,2025,5,1,1,0,9.0,4.571428571428571,3.2333333333333334
1,1,5,7.43,CASH,23,2,2025,6,1,1,0,8.0,5.285714285714286,3.066666666666667
1,1,9,25.17,CASH,3,2,2025,0,1,0,0,5.0,6.428571428571429,3.3666666666666667
1,0,9,41.82,CASH,22,1,2025,2,1,0,0,9.0,7.285714285714286,3.6666666666666665
1,2,4,27.18,CASH,21,1,2025,1,1,0,0,9.0,7.571428571428571,3.7666666666666666
5,0,5,24.54,CASH,13,2,2025,3,1,0,0,4.0,7.0,3.6666666666666665
1,0,5,24.87,CREDIT,12,2,2025,2,1,0,0,5.0,6.428571428571429,3.8
1,1,10,10.44,UPI,20,1,2025,0,1,0,0,5.0,6.714285714285714,4.133333333333334
7,1,2,12.77,CASH,22,2,2025,5,1,1,0,10.0,6.285714285714286,4.2
2,2,9,18.78,CASH,15,1,2025,2,1,0,0,2.0,6.285714285714286,4.3
1,3,0,48.27,CASH,24,2,2025,0,1,0,0,9.0,5.0,4.3
2,1,10,32.13,UPI,1,1,2025,2,1,0,1,0.0,5.857142857142857,4.5
7,1,5,13.37,CASH,4,1,2025,5,1,1,0,10.0,5.857142857142857,4.633333333333334
5,0,1,14.48,CASH,31,1,2025,4,1,0,0,5.0,5.285714285714286,4.466666666666667
1,0,0,18.42,UPI,16,2,2025,6,1,1,0,1.0,3.857142857142857,4.466666666666667
7,3,8,7.0,CREDIT,2,2,2025,6,1,1,0,0.0,4.714285714285714,4.533333333333333
1,1,6,9.15,CASH,5,1,2025,6,1,1,0,8.0,4.285714285714286,4.533333333333333
7,1,0,44.99,UPI,12,1,2025,6,1,1,0,6.0,4.285714285714286,4.533333333333333
5,1,10,43.24,CASH,8,1,2025,2,1,0,0,0.0,4.285714285714286,4.833333333333333
5,2,6,27.12,CASH,11,2,2025,1,1,0,0,10.0,4.428571428571429,5.033333333333333
4,2,0,48.94,CREDIT,9,2,2025,6,1,1,0,6.0,4.285714285714286,4.966666666666667
7,3,0,23.09,CREDIT,5,2,2025,2,1,0,0,0.0,4.285714285714286,4.633333333333334
2,2,7,43.63,UPI,2,2,2025,6,1,1,0,0.0,4.142857142857143,4.866666666666666
1,0,7,8.1,CASH,26,2,2025,2,1,0,0,7.0,4.285714285714286,5.0
8,1,0,31.71,CASH,16,2,2025,6,1,1,0,7.0,4.285714285714286,5.0
1,1,2,49.92,CASH,5,1,2025,6,1,1,0,0.0,3.142857142857143,5.033333333333333
1,1,0,31.41,CASH,19,2,2025,2,1,0,0,2.0,2.2857142857142856,4.933333333333334
8,1,8,21.56,CASH,8,2,2025,5,1,1,0,0.0,3.4285714285714284,5.133333333333334
5,3,5,29.17,CASH,8,1,2025,2,1,0,0,8.0,4.142857142857143,5.0
6,2,3,10.92,UPI,13,2,2025,3,1,0,0,5.0,3.5714285714285716,4.8
1,3,10,13.41,CASH,22,2,2025,5,1,1,0,3.0,4.0,4.866666666666666
4,2,3,35.38,CREDIT,5,2,2025,2,1,0,0,10.0,4.428571428571429,4.8
1,1,9,27.67,CASH,13,2,2025,3,1,0,0,3.0,5.428571428571429,4.8
4,0,0,44.92,UPI,26,2,2025,2,1,0,0,9.0,5.428571428571429,4.5
5,2,8,19.5,CASH,20,2,2025,3,1,0,0,0.0,5.428571428571429,4.633333333333334
2,3,7,17.9,CASH,21,1,2025,1,1,0,0,8.0,5.714285714285714,4.7
1,0,1,11.65,CASH,28,1,2025,1,1,0,0,7.0,5.428571428571429,4.566666666666666
7,2,8,44.17,UPI,1,2,2025,5,1,1,0,1.0,5.142857142857143,4.5
8,2,2,34.68,CASH,28,2,2025,4,1,0,0,8.0,5.0,4.5
5,0,0,45.23,CASH,12,2,2025,2,1,0,0,2.0,3.7142857142857144,4.2
4,0,7,28.84,CREDIT,12,2,2025,2,1,0,0,0.0,4.714285714285714,4.433333333333334
8,3,9,21.07,CASH,3,2,2025,0,1,0,0,7.0,4.857142857142857,4.4
8,1,0,5.7,UPI,28,2,2025,4,1,0,0,9.0,3.857142857142857,4.233333333333333
2,2,0,32.96,CREDIT,14,2,2025,4,1,0,0,0.0,3.7142857142857144,4.2
6,1,5,31.98,UPI,10,2,2025,0,1,0,0,0.0,3.2857142857142856,4.366666666666666
1,3,0,30.8,CASH,6,1,2025,0,1,0,0,5.0,3.0,4.1
8,3,0,14.04,CREDIT,7,1,2025,1,1,0,0,0.0,3.0,3.9
2,0,10,25.82,CASH,8,2,2025,5,1,1,0,0.0,3.4285714285714284,4.233333333333333
5,0,4,10.22,CASH,21,1,2025,1,1,0,0,10.0,2.7142857142857144,4.033333333333333
1,0,6,13.16,UPI,14,2,2025,4,1,0,0,4.0,3.5714285714285716,4.033333333333333
1,0,0,21.43,UPI,1,2,2025,5,1,1,0,6.0,3.5714285714285716,4.033333333333333
6,1,0,16.84,CREDIT,15,1,2025,2,1,0,0,0.0,2.857142857142857,4.033333333333333
1,2,8,45.23,CASH,26,1,2025,6,1,1,0,0.0,4.0,4.066666666666666
4,3,2,44.89,CASH,14,2,2025,4,1,0,0,8.0,4.285714285714286,3.9
1,0,3,37.81,CASH,1,2,2025,5,1,1,0,2.0,3.2857142857142856,4.0
1,0,0,6.96,CASH,4,1,2025,5,1,1,0,3.0,2.7142857142857144,3.933333333333333
4,0,0,39.13,CREDIT,21,1,2025,1,1,0,0,0.0,1.8571428571428572,3.933333333333333
4,3,0,27.5,CASH,23,2,2025,6,1,1,0,0.0,1.8571428571428572,3.6666666666666665
1,2,1,44.94,CASH,3,2,2025,0,1,0,0,0.0,2.0,3.533333333333333
8,3,0,5.82,CASH,20,2,2025,3,1,0,0,1.0,0.8571428571428571,3.433333333333333
1,0,1,48.94,CREDIT,30,1,2025,3,1,0,0,0.0,0.7142857142857143,3.1333333333333333
4,2,10,47.83,CASH,5,1,2025,6,1,1,0,1.0,1.7142857142857142,3.3666666666666667
4,1,0,44.07,CASH,4,1,2025,5,1,1,0,10.0,1.7142857142857142,3.066666666666667
5,1,10,9.11,CASH,12,2,2025,2,1,0,0,0.0,3.142857142857143,3.4
1,2,9,18.87,CASH,17,2,2025,0,1,0,0,10.0,4.428571428571429,3.433333333333333
1,0,7,29.44,CASH,18,2,2025,1,1,0,0,9.0,5.285714285714286,3.433333333333333
1,3,0,15.31,CREDIT,12,2,2025,2,1,0,0,7.0,5.285714285714286,3.4
4,0,0,46.27,CREDIT,8,2,2025,5,1,1,0,0.0,5.142857142857143,3.1333333333333333
1,1,5,26.83,CASH,18,1,2025,5,1,1,0,0.0,4.428571428571429,3.2333333333333334
1,2,4,9.48,CASH,5,2,2025,2,1,0,0,5.0,5.0,3.3666666666666667
4,0,0,48.77,CASH,1,1,2025,2,1,0,1,4.0,3.5714285714285716,3.1333333333333333
7,2,0,34.3,CREDIT,10,1,2025,4,1,0,0,0.0,2.2857142857142856,2.8333333333333335
1,3,9,43.76,CASH,27,1,2025,0,1,0,0,0.0,2.5714285714285716,3.1333333333333333
1,1,0,6.32,CASH,19,2,2025,2,1,0,0,9.0,2.5714285714285716,3.1333333333333333
8,1,4,8.85,UPI,13,1,2025,0,1,0,0,0.0,3.142857142857143,3.1
6,0,7,14.24,UPI,23,1,2025,3,1,0,0,4.0,3.4285714285714284,3.3333333333333335
8,0,6,41.02,CASH,1,2,2025,5,1,1,0,7.0,3.7142857142857144,3.533333333333333
4,1,4,22.6,CASH,6,2,2025,3,1,0,0,6.0,4.285714285714286,3.3333333333333335
1,2,0,22.3,CASH,26,1,2025,6,1,1,0,4.0,4.285714285714286,3.2
1,2,8,49.19,CASH,17,1,2025,4,1,0,0,0.0,4.142857142857143,3.2666666666666666
6,1,7,15.85,CASH,8,1,2025,2,1,0,0,8.0,5.142857142857143,3.5
5,3,4,37.25,UPI,8,2,2025,5,1,1,0,7.0,5.142857142857143,3.6333333333333333
6,1,0,46.0,CREDIT,1,1,2025,2,1,0,1,4.0,4.142857142857143,3.3666666666666667
6,0,3,40.46,UPI,26,1,2025,6,1,1,0,0.0,3.7142857142857144,3.4
2,2,7,28.66,CASH,8,1,2025,2,1,0,0,3.0,4.142857142857143,3.533333333333333
1,2,6,39.43,CASH,1,1,2025,2,1,0,1,7.0,5.0,3.7333333333333334
4,1,6,37.46,CASH,15,1,2025,2,1,0,0,6.0,4.714285714285714,3.933333333333333
8,2,1,47.59,UPI,3,2,2025,0,1,0,0,6.0,3.857142857142857,3.966666666666667
8,0,0,42.33,CASH,3,2,2025,0,1,0,0,1.0,3.2857142857142856,3.933333333333333
2,0,2,49.14,CASH,20,1,2025,0,1,0,0,0.0,3.5714285714285716,4.0
1,0,8,40.61,CASH,30,1,2025,3,1,0,0,2.0,4.285714285714286,4.233333333333333
1,3,0,34.49,UPI,15,2,2025,5,1,1,0,8.0,3.2857142857142856,3.9
6,0,3,44.22,CASH,14,2,2025,4,1,0,0,0.0,2.857142857142857,4.0
5,2,2,28.37,UPI,23,2,2025,6,1,1,0,3.0,2.2857142857142856,3.7333333333333334
1,3,3,28.55,CASH,26,1,2025,6,1,1,0,2.0,2.5714285714285716,3.533333333333333
8,3,0,10.34,CASH,28,2,2025,4,1,0,0,3.0,2.5714285714285716,3.3
1,1,0,45.64,CASH,27,1,2025,0,1,0,0,0.0,2.2857142857142856,3.3
4,0,9,36.55,UPI,21,1,2025,1,1,0,0,0.0,2.4285714285714284,3.6
1,0,8,27.89,CREDIT,19,1,2025,6,1,1,0,9.0,3.5714285714285716,3.7
1,3,7,44.47,CASH,20,2,2025,3,1,0,0,8.0,4.142857142857143,3.8
7,0,8,33.39,CASH,8,2,2025,5,1,1,0,7.0,5.0,4.066666666666666
8,2,10,24.14,UPI,1,2,2025,5,1,1,0,8.0,6.0,4.4
1,1,6,40.85,CASH,13,2,2025,3,1,0,0,10.0,6.857142857142857,4.3
7,3,1,40.7,CASH,18,2,2025,1,1,0,0,6.0,7.0,4.333333333333333
5,2,10,22.22,CASH,4,1,2025,5,1,1,0,1.0,7.142857142857143,4.533333333333333
7,3,0,15.41,CASH,27,1,2025,0,1,0,0,10.0,6.0,4.3
8,2,3,22.84,CASH,10,1,2025,4,1,0,0,0.0,5.428571428571429,4.2
5,0,8,41.04,CASH,26,2,2025,2,1,0,0,3.0,5.428571428571429,4.333333333333333
1,2,0,45.6,CASH,11,1,2025,5,1,1,0,8.0,4.0,4.333333333333333
1,1,0,5.31,CREDIT,2,2,2025,6,1,1,0,0.0,3.142857142857143,4.066666666666666
1,1,8,7.79,CASH,2,1,2025,3,1,0,0,0.0,4.142857142857143,4.1
8,2,10,7.77,CASH,11,2,2025,1,1,0,0,8.0,4.142857142857143,4.3
1,1,9,18.31,CASH,16,2,2025,6,1,1,0,10.0,5.428571428571429,4.6
5,0,9,48.12,CASH,3,1,2025,4,1,0,0,9.0,6.285714285714286,4.8
7,1,1,35.41,CASH,2,2,2025,6,1,1,0,9.0,5.285714285714286,4.6
1,3,3,43.86,CASH,4,1,2025,5,1,1,0,1.0,5.714285714285714,4.5
1,1,9,23.23,CREDIT,22,1,2025,2,1,0,0,3.0,7.0,4.6
1,0,1,14.92,UPI,3,1,2025,4,1,0,0,9.0,6.0,4.6
8,3,0,8.46,CASH,23,1,2025,3,1,0,0,1.0,4.571428571428571,4.6
5,1,0,27.64,CASH,12,1,2025,6,1,1,0,0.0,3.2857142857142856,4.533333333333333
2,2,0,44.57,CASH,2,2,2025,6,1,1,0,0.0,2.0,4.266666666666667
5,2,5,37.33,CREDIT,7,1,2025,1,1,0,0,0.0,2.5714285714285716,4.433333333333334
8,0,6,20.23,CASH,15,1,2025,2,1,0,0,5.0,3.0,4.533333333333333
4,1,7,40.41,CREDIT,14,2,2025,4,1,0,0,6.0,2.7142857142857144,4.7
1,3,3,38.97,CREDIT,14,1,2025,1,1,0,0,7.0,3.0,4.7
7,3,1,8.14,CASH,14,2,2025,4,1,0,0,3.0,3.142857142857143,4.733333333333333
1,2,0,24.69,CREDIT,11,1,2025,5,1,1,0,1.0,3.142857142857143,4.733333333333333
6,2,0,26.39,CREDIT,14,2,2025,4,1,0,0,0.0,3.142857142857143,4.433333333333334
2,1,9,35.16,CASH,30,1,2025,3,1,0,0,0.0,3.7142857142857144,4.466666666666667
2,2,0,17.95,UPI,23,1,2025,3,1,0,0,9.0,2.857142857142857,4.233333333333333
7,0,0,11.99,CASH,31,1,2025,4,1,0,0,0.0,1.8571428571428572,3.966666666666667
7,1,3,28.76,CASH,13,1,2025,0,1,0,0,0.0,1.8571428571428572,3.7333333333333334
1,1,6,46.91,CASH,23,1,2025,3,1,0,0,3.0,2.5714285714285716,3.7333333333333334
8,3,9,27.77,CASH,6,1,2025,0,1,0,0,6.0,3.857142857142857,4.0
1,3,1,36.32,CASH,23,2,2025,6,1,1,0,9.0,4.0,3.7
1,1,0,35.76,UPI,5,1,2025,6,1,1,0,1.0,2.7142857142857144,3.7
2,2,5,30.01,CASH,14,1,2025,1,1,0,0,0.0,3.4285714285714284,3.7666666666666666
1,2,0,36.32,UPI,14,1,2025,1,1,0,0,5.0,3.4285714285714284,3.5
8,1,3,36.75,CASH,9,2,2025,6,1,1,0,0.0,3.4285714285714284,3.6
7,2,0,42.34,CASH,21,1,2025,1,1,0,0,3.0,2.5714285714285716,3.6
1,0,1,16.96,CREDIT,5,2,2025,2,1,0,0,0.0,1.4285714285714286,3.3666666666666667
1,1,4,29.29,UPI,7,1,2025,1,1,0,0,1.0,1.8571428571428572,3.1666666666666665
1,1,9,34.65,CASH,26,1,2025,6,1,1,0,4.0,3.142857142857143,3.1666666666666665
4,1,5,16.68,CASH,7,1,2025,1,1,0,0,9.0,3.142857142857143,3.033333333333333
1,3,8,44.45,UPI,3,1,2025,4,1,0,0,5.0,4.285714285714286,3.2666666666666666
5,0,9,23.93,UPI,24,1,2025,4,1,0,0,8.0,5.142857142857143,3.466666666666667
2,2,9,21.02,CREDIT,10,2,2025,0,1,0,0,9.0,6.428571428571429,3.466666666666667
8,2,1,20.87,CREDIT,25,2,2025,1,1,0,0,9.0,6.428571428571429,3.466666666666667
1,1,2,42.54,CASH,11,1,2025,5,1,1,0,1.0,6.142857142857143,3.533333333333333
6,0,5,30.02,CASH,25,2,2025,1,1,0,0,2.0,5.571428571428571,3.7
6,3,0,23.04,CASH,2,1,2025,3,1,0,0,5.0,4.857142857142857,3.7
1,3,7,41.27,CASH,19,1,2025,6,1,1,0,0.0,4.714285714285714,3.7666666666666666
1,3,10,41.0,CASH,5,1,2025,6,1,1,0,7.0,4.857142857142857,3.9
4,2,6,37.48,CASH,13,1,2025,0,1,0,0,10.0,4.428571428571429,3.8666666666666667
5,2,8,12.41,CASH,2,2,2025,6,1,1,0,6.0,5.428571428571429,4.033333333333333
4,2,8,32.47,CASH,21,1,2025,1,1,0,0,8.0,6.285714285714286,4.266666666666667
6,0,10,14.8,CASH,6,2,2025,3,1,0,0,8.0,7.0,4.6
7,2,7,19.38,CASH,10,2,2025,0,1,0,0,10.0,8.0,4.833333333333333
8,0,0,10.11,CASH,22,2,2025,5,1,1,0,7.0,7.0,4.533333333333333
5,3,0,45.52,CASH,28,2,2025,4,1,0,0,0.0,5.571428571428571,4.533333333333333
5,0,8,36.38,CREDIT,18,2,2025,1,1,0,0,0.0,5.857142857142857,4.8
5,2,0,32.04,CASH,4,2,2025,1,1,0,0,8.0,4.714285714285714,4.7
1,3,3,33.69,CASH,16,1,2025,3,1,0,0,0.0,4.0,4.6
1,3,0,29.24,UPI,31,1,2025,4,1,0,0,3.0,2.5714285714285716,4.3
4,2,10,47.25,CASH,24,2,2025,0,1,0,0,0.0,3.0,4.6
6,1,3,46.39,CASH,4,1,2025,5,1,1,0,10.0,3.4285714285714284,4.7
1,2,9,41.6,UPI,26,1,2025,6,1,1,0,3.0,4.714285714285714,4.833333333333333
5,3,4,10.26,UPI,8,2,2025,5,1,1,0,9.0,4.142857142857143,4.966666666666667
8,0,6,42.5,CASH,25,1,2025,5,1,1,0,4.0,5.0,5.066666666666666
8,2,6,39.14,CASH,21,1,2025,1,1,0,0,6.0,5.428571428571429,5.266666666666667
7,0,0,47.4,CASH,28,1,2025,1,1,0,0,6.0,5.428571428571429,5.233333333333333
5,3,9,28.04,CREDIT,15,1,2025,2,1,0,0,0.0,5.285714285714286,5.4
1,2,0,36.23,CASH,6,1,2025,0,1,0,0,9.0,4.857142857142857,5.1
1,2,3,29.05,CASH,26,2,2025,2,1,0,0,0.0,4.0,5.033333333333333
1,1,8,20.71,CASH,26,1,2025,6,1,1,0,3.0,4.571428571428571,5.033333333333333
2,0,3,23.07,CASH,9,1,2025,3,1,0,0,8.0,4.142857142857143,4.833333333333333
1,0,3,15.1,CASH,15,2,2025,5,1,1,0,3.0,3.7142857142857144,4.633333333333334
1,1,6,9.32,CASH,8,2,2025,5,1,1,0,3.0,4.571428571428571,4.8
5,2,10,23.99,CREDIT,18,2,2025,1,1,0,0,6.0,4.714285714285714,5.066666666666666
1,3,5,17.19,CASH,18,1,2025,5,1,1,0,10.0,5.428571428571429,5.066666666666666
7,1,1,29.1,CASH,25,1,2025,5,1,1,0,5.0,5.142857142857143,5.1
1,3,9,34.63,CASH,7,1,2025,1,1,0,0,1.0,5.285714285714286,5.166666666666667
8,1,7,31.47,CASH,25,2,2025,1,1,0,0,9.0,5.857142857142857,5.066666666666666
6,3,9,37.71,CASH,10,1,2025,4,1,0,0,7.0,6.714285714285714,5.166666666666667
7,1,7,37.58,CASH,18,1,2025,5,1,1,0,9.0,6.857142857142857,5.133333333333334
6,3,1,22.62,CASH,22,1,2025,2,1,0,0,7.0,5.571428571428571,4.9
7,3,10,13.33,UPI,23,1,2025,3,1,0,0,1.0,6.285714285714286,4.9
6,3,6,21.85,CASH,30,1,2025,3,1,0,0,10.0,7.0,4.866666666666666
1,1,2,45.92,CREDIT,10,1,2025,4,1,0,0,6.0,6.0,4.933333333333334
1,1,1,31.89,CASH,12,2,2025,2,1,0,0,2.0,5.142857142857143,4.966666666666667
1,2,7,49.57,UPI,6,2,2025,3,1,0,0,1.0,4.857142857142857,4.933333333333334
8,0,8,29.75,CASH,16,1,2025,3,1,0,0,7.0,5.0,5.2
5,2,10,46.25,CASH,13,2,2025,3,1,0,0,8.0,6.285714285714286,5.433333333333334
8,3,4,5.99,UPI,26,2,2025,2,1,0,0,10.0,5.428571428571429,5.566666666666666
1,3,0,11.86,CASH,24,1,2025,4,1,0,0,4.0,4.571428571428571,5.233333333333333
4,0,2,12.85,CASH,8,2,2025,5,1,1,0,0.0,4.571428571428571,5.2
5,1,1,6.88,CREDIT,20,2,2025,3,1,0,0,2.0,4.571428571428571,4.933333333333334
6,0,10,31.83,CASH,9,1,2025,3,1,0,0,1.0,5.0,5.133333333333334
2,0,7,41.15,CASH,18,1,2025,5,1,1,0,10.0,4.857142857142857,5.166666666666667
8,2,0,17.93,CREDIT,20,1,2025,0,1,0,0,7.0,3.4285714285714284,4.966666666666667
1,0,0,33.5,UPI,11,1,2025,5,1,1,0,0.0,2.857142857142857,4.966666666666667
7,1,7,18.05,CASH,23,1,2025,3,1,0,0,0.0,3.857142857142857,4.9
1,2,9,23.57,CASH,2,1,2025,3,1,0,0,7.0,4.857142857142857,5.2
7,3,0,12.74,CREDIT,15,2,2025,5,1,1,0,9.0,4.714285714285714,5.1
1,1,4,47.81,CASH,5,1,2025,6,1,1,0,0.0,3.857142857142857,4.966666666666667
1,1,0,31.74,CREDIT,27,1,2025,0,1,0,0,4.0,2.857142857142857,4.866666666666666
2,1,1,34.1,UPI,13,1,2025,0,1,0,0,0.0,3.0,4.8
5,1,7,6.45,CASH,28,2,2025,4,1,0,0,1.0,4.0,4.833333333333333
5,2,0,19.83,CASH,6,2,2025,3,1,0,0,7.0,3.0,4.5
6,0,7,46.86,CREDIT,19,1,2025,6,1,1,0,0.0,2.7142857142857144,4.566666666666666
2,2,0,29.95,UPI,4,2,2025,1,1,0,0,7.0,2.7142857142857144,4.533333333333333
1,1,9,28.45,CREDIT,1,2,2025,5,1,1,0,0.0,3.4285714285714284,4.533333333333333
4,0,0,23.59,CASH,5,1,2025,6,1,1,0,9.0,3.4285714285714284,4.3
7,1,9,33.88,CASH,6,1,2025,0,1,0,0,0.0,4.571428571428571,4.3
5,0,8,11.72,CASH,25,1,2025,5,1,1,0,9.0,4.714285714285714,4.333333333333333
8,0,10,21.31,CASH,12,1,2025,6,1,1,0,8.0,6.142857142857143,4.633333333333334
8,3,0,5.16,CASH,26,1,2025,6,1,1,0,10.0,5.142857142857143,4.3
4,0,0,18.22,CREDIT,10,2,2025,0,1,0,0,0.0,5.142857142857143,4.1
7,0,0,9.27,CASH,26,2,2025,2,1,0,0,0.0,3.857142857142857,4.033333333333333
1,2,0,40.52,CASH,29,1,2025,2,1,0,0,0.0,3.857142857142857,4.0
7,3,0,22.55,CASH,9,1,2025,3,1,0,0,0.0,2.5714285714285716,3.7666666666666666
1,2,0,48.33,UPI,5,2,2025,2,1,0,0,0.0,1.4285714285714286,3.5
7,1,2,43.83,CASH,1,1,2025,2,1,0,1,0.0,0.2857142857142857,3.2333333333333334
2,0,7,15.3,CASH,28,1,2025,1,1,0,0,2.0,1.2857142857142858,3.3333333333333335
1,2,5,22.79,CASH,14,2,2025,4,1,0,0,7.0,2.0,3.5
7,3,9,26.02,CASH,7,2,2025,4,1,0,0,5.0,3.2857142857142856,3.7333333333333334
1,0,7,39.92,CASH,30,1,2025,3,1,0,0,9.0,4.285714285714286,3.933333333333333
4,0,0,20.28,CASH,23,1,2025,3,1,0,0,7.0,4.285714285714286,3.6
1,1,0,45.71,UPI,15,1,2025,2,1,0,0,0.0,4.285714285714286,3.3666666666666667
7,0,0,17.61,CASH,12,1,2025,6,1,1,0,0.0,4.0,3.3666666666666667
7,1,0,10.9,UPI,20,1,2025,0,1,0,0,0.0,3.0,3.3666666666666667
2,2,1,29.24,UPI,9,2,2025,6,1,1,0,0.0,2.4285714285714284,3.1666666666666665
8,1,8,33.84,CASH,9,2,2025,6,1,1,0,1.0,2.2857142857142856,3.1333333333333333
6,2,9,35.03,CASH,15,1,2025,2,1,0,0,8.0,2.5714285714285716,3.433333333333333
4,2,0,44.98,UPI,22,1,2025,2,1,0,0,9.0,2.5714285714285716,3.3
5,0,0,31.61,UPI,7,2,2025,4,1,0,0,0.0,2.5714285714285716,3.3
1,1,3,46.18,UPI,25,1,2025,5,1,1,0,0.0,3.0,3.3666666666666667
1,0,5,19.11,CASH,18,1,2025,5,1,1,0,3.0,3.7142857142857144,3.3
1,0,0,37.4,CASH,7,2,2025,4,1,0,0,5.0,3.5714285714285716,3.3
1,3,1,48.93,CASH,3,2,2025,0,1,0,0,0.0,2.5714285714285716,3.1
1,1,0,42.87,CASH,9,2,2025,6,1,1,0,1.0,1.2857142857142858,3.1
6,2,0,22.28,UPI,18,2,2025,1,1,0,0,0.0,1.2857142857142858,2.8
2,1,0,37.1,UPI,15,2,2025,5,1,1,0,0.0,1.2857142857142858,2.8
1,3,8,18.63,CASH,25,1,2025,5,1,1,0,0.0,2.0,2.7666666666666666
8,3,0,49.89,CASH,18,1,2025,5,1,1,0,8.0,1.2857142857142858,2.5
7,0,0,15.08,UPI,7,2,2025,4,1,0,0,0.0,1.2857142857142858,2.1666666666666665
4,0,0,49.07,CASH,1,1,2025,2,1,0,1,0.0,1.1428571428571428,2.1666666666666665
1,2,6,37.78,CASH,11,1,2025,5,1,1,0,0.0,2.0,2.3666666666666667
2,3,5,44.26,CASH,11,2,2025,1,1,0,0,6.0,2.7142857142857144,2.533333333333333
8,0,6,16.21,CASH,5,1,2025,6,1,1,0,5.0,3.5714285714285716,2.7333333333333334
1,2,2,7.53,CASH,17,2,2025,0,1,0,0,6.0,2.7142857142857144,2.8
1,0,0,6.73,UPI,11,1,2025,5,1,1,0,2.0,2.7142857142857144,2.8
4,2,10,28.84,UPI,11,2,2025,1,1,0,0,0.0,4.142857142857143,3.066666666666667
2,2,4,40.01,CASH,10,1,2025,4,1,0,0,10.0,4.714285714285714,2.966666666666667
1,2,0,11.98,UPI,8,1,2025,2,1,0,0,4.0,3.857142857142857,2.8
8,2,8,20.0,CREDIT,15,1,2025,2,1,0,0,0.0,4.285714285714286,2.7666666666666666
5,0,7,30.44,CREDIT,7,1,2025,1,1,0,0,8.0,4.428571428571429,2.7666666666666666
2,0,0,26.12,CASH,8,2,2025,5,1,1,0,7.0,4.142857142857143,2.7666666666666666
4,0,8,41.37,CASH,13,1,2025,0,1,0,0,0.0,5.285714285714286,3.033333333333333
1,1,0,24.57,UPI,9,1,2025,3,1,0,0,8.0,3.857142857142857,3.033333333333333
7,0,7,17.47,CASH,16,1,2025,3,1,0,0,0.0,4.285714285714286,3.2666666666666666
1,1,2,39.31,UPI,24,2,2025,0,1,0,0,7.0,4.571428571428571,3.3
8,1,6,36.12,CREDIT,19,2,2025,2,1,0,0,2.0,4.285714285714286,3.2333333333333334
1,2,3,43.44,CASH,25,2,2025,1,1,0,0,6.0,3.7142857142857144,3.033333333333333
1,2,3,34.87,CASH,19,2,2025,2,1,0,0,3.0,4.142857142857143,3.1333333333333333
8,3,0,6.12,CASH,24,2,2025,0,1,0,0,3.0,3.0,3.1333333333333333
8,3,0,8.94,CASH,16,2,2025,6,1,1,0,0.0,3.0,3.033333333333333
1,2,4,17.82,CREDIT,28,2,2025,4,1,0,0,0.0,2.5714285714285716,3.0
2,2,6,15.74,CASH,21,1,2025,1,1,0,0,4.0,3.142857142857143,3.2
1,0,8,16.62,CASH,1,1,2025,2,1,0,1,6.0,3.4285714285714284,3.433333333333333
8,0,3,41.8,CASH,30,1,2025,3,1,0,0,8.0,3.4285714285714284,3.533333333333333
4,2,0,33.75,CASH,10,2,2025,0,1,0,0,3.0,3.0,3.533333333333333
1,1,3,32.75,CASH,28,2,2025,4,1,0,0,0.0,3.4285714285714284,3.6333333333333333
7,2,3,43.8,UPI,25,2,2025,1,1,0,0,3.0,3.857142857142857,3.466666666666667
7,2,0,6.9,CASH,15,2,2025,5,1,1,0,3.0,3.2857142857142856,3.466666666666667
4,3,0,45.36,CASH,24,1,2025,4,1,0,0,0.0,2.4285714285714284,3.466666666666667
2,1,0,9.08,CASH,9,2,2025,6,1,1,0,0.0,1.2857142857142858,3.466666666666667
5,2,5,35.06,CREDIT,5,1,2025,6,1,1,0,0.0,1.5714285714285714,3.433333333333333
1,2,9,32.24,CASH,20,1,2025,0,1,0,0,5.0,2.857142857142857,3.566666666666667
2,2,9,30.45,UPI,8,2,2025,5,1,1,0,9.0,3.7142857142857144,3.6666666666666665
6,3,0,25.67,CREDIT,6,1,2025,0,1,0,0,9.0,3.2857142857142856,3.6
1,1,4,49.02,CASH,16,1,2025,3,1,0,0,0.0,3.857142857142857,3.7333333333333334
6,3,9,5.92,CASH,18,2,2025,1,1,0,0,4.0,5.142857142857143,3.7
1,0,10,10.16,CASH,4,2,2025,1,1,0,0,9.0,6.571428571428571,3.9
1,1,2,20.25,CASH,8,2,2025,5,1,1,0,10.0,6.142857142857143,3.966666666666667
1,2,0,28.25,CREDIT,24,2,2025,0,1,0,0,2.0,4.857142857142857,3.7
4,0,0,28.4,CASH,14,2,2025,4,1,0,0,0.0,3.5714285714285716,3.466666666666667
1,3,8,46.07,CASH,3,2,2025,0,1,0,0,0.0,4.714285714285714,3.7333333333333334
1,3,7,10.54,CREDIT,28,1,2025,1,1,0,0,8.0,5.142857142857143,3.7
1,1,5,36.27,CASH,16,1,2025,3,1,0,0,7.0,4.571428571428571,3.8666666666666667
5,0,3,47.11,CASH,23,2,2025,6,1,1,0,5.0,3.5714285714285716,3.7333333333333334
2,3,0,27.99,CASH,27,1,2025,0,1,0,0,3.0,3.2857142857142856,3.6666666666666665
2,3,0,38.62,CASH,1,1,2025,2,1,0,1,0.0,3.2857142857142856,3.466666666666667
7,0,10,8.51,CASH,28,1,2025,1,1,0,0,0.0,4.714285714285714,3.7
4,0,9,41.91,CASH,20,1,2025,0,1,0,0,10.0,4.857142857142857,3.9
6,1,8,21.06,UPI,19,1,2025,6,1,1,0,9.0,5.0,4.166666666666667
1,2,3,7.95,CASH,3,2,2025,0,1,0,0,8.0,4.714285714285714,4.266666666666667
8,1,7,36.76,CASH,17,2,2025,0,1,0,0,3.0,5.285714285714286,4.366666666666666
2,1,2,31.8,CREDIT,7,1,2025,1,1,0,0,7.0,5.571428571428571,4.233333333333333
5,2,2,12.14,CASH,27,2,2025,3,1,0,0,2.0,5.857142857142857,4.033333333333333
7,0,10,26.03,CASH,26,1,2025,6,1,1,0,2.0,5.857142857142857,4.266666666666667
5,2,10,49.45,CASH,8,1,2025,2,1,0,0,10.0,6.0,4.6
1,3,5,30.59,UPI,25,1,2025,5,1,1,0,10.0,5.571428571428571,4.666666666666667
1,3,0,42.47,CASH,12,1,2025,6,1,1,0,5.0,5.142857142857143,4.566666666666666
5,1,7,43.4,CASH,19,2,2025,2,1,0,0,0.0,5.142857142857143,4.8
2,1,3,30.32,UPI,27,2,2025,3,1,0,0,7.0,5.285714285714286,4.9
1,2,4,20.34,CASH,1,1,2025,2,1,0,1,3.0,5.571428571428571,5.033333333333333
7,1,0,11.35,CASH,28,2,2025,4,1,0,0,4.0,4.142857142857143,4.866666666666666
4,0,4,35.89,CASH,8,1,2025,2,1,0,0,0.0,3.2857142857142856,4.7
1,0,2,43.0,CREDIT,17,1,2025,4,1,0,0,4.0,2.857142857142857,4.466666666666667
5,0,4,18.3,CASH,21,2,2025,4,1,0,0,2.0,3.4285714285714284,4.6
5,0,0,36.32,CASH,6,1,2025,0,1,0,0,4.0,2.4285714285714284,4.466666666666667
2,0,0,16.81,CREDIT,23,2,2025,6,1,1,0,0.0,2.0,4.166666666666667
2,0,10,11.38,CASH,9,2,2025,6,1,1,0,0.0,2.857142857142857,4.166666666666667
8,0,8,35.66,CREDIT,3,1,2025,4,1,0,0,10.0,4.0,4.366666666666666
7,1,0,46.92,UPI,3,1,2025,4,1,0,0,8.0,3.4285714285714284,4.366666666666666
1,1,2,13.36,CASH,26,1,2025,6,1,1,0,0.0,3.4285714285714284,4.433333333333334
1,0,0,46.79,CASH,9,1,2025,3,1,0,0,2.0,2.857142857142857,4.166666666666667
2,3,0,30.33,CASH,27,1,2025,0,1,0,0,0.0,2.857142857142857,3.933333333333333
1,0,5,33.92,CASH,6,1,2025,0,1,0,0,0.0,3.5714285714285716,3.933333333333333
7,3,6,8.06,CASH,20,2,2025,3,1,0,0,5.0,3.0,4.033333333333333
1,3,6,17.56,CASH,23,2,2025,6,1,1,0,6.0,2.7142857142857144,4.233333333333333
2,3,0,38.95,CREDIT,24,2,2025,0,1,0,0,6.0,2.7142857142857144,4.233333333333333
5,1,0,47.88,UPI,24,2,2025,0,1,0,0,0.0,2.4285714285714284,3.9
1,2,0,28.49,CASH,27,1,2025,0,1,0,0,0.0,2.4285714285714284,3.6
8,3,3,29.24,CASH,1,1,2025,2,1,0,1,0.0,2.857142857142857,3.433333333333333
8,2,2,23.64,UPI,7,2,2025,4,1,0,0,3.0,2.4285714285714284,3.4
8,1,1,34.89,CREDIT,7,2,2025,4,1,0,0,2.0,1.7142857142857142,3.2
1,1,1,36.15,UPI,24,2,2025,0,1,0,0,1.0,1.0,3.1666666666666665
1,3,2,8.67,CASH,21,2,2025,4,1,0,0,1.0,1.2857142857142858,3.1666666666666665
8,3,0,13.56,CREDIT,26,1,2025,6,1,1,0,2.0,1.2857142857142858,2.8333333333333335
5,1,0,37.92,CASH,5,2,2025,2,1,0,0,0.0,1.2857142857142858,2.5
6,0,10,45.44,CASH,6,2,2025,3,1,0,0,0.0,2.2857142857142856,2.6666666666666665
6,3,2,9.61,CASH,27,2,2025,3,1,0,0,10.0,2.2857142857142856,2.7333333333333334
8,3,8,18.75,CREDIT,25,2,2025,1,1,0,0,2.0,3.2857142857142856,2.7666666666666666
1,2,8,31.66,CASH,28,1,2025,1,1,0,0,8.0,4.285714285714286,2.933333333333333
2,3,0,13.17,CREDIT,24,2,2025,0,1,0,0,8.0,4.0,2.8
1,3,7,25.01,CREDIT,10,2,2025,0,1,0,0,0.0,5.0,3.033333333333333
1,0,0,18.13,CASH,9,2,2025,6,1,1,0,7.0,5.0,2.9
6,1,5,33.94,UPI,18,2,2025,1,1,0,0,0.0,4.285714285714286,3.0
7,3,4,45.43,CASH,10,1,2025,4,1,0,0,5.0,4.571428571428571,3.0
4,3,10,6.3,CASH,1,1,2025,2,1,0,1,4.0,4.857142857142857,3.3333333333333335
8,2,3,30.7,CASH,11,1,2025,5,1,1,0,10.0,4.142857142857143,3.433333333333333
1,1,7,42.45,CASH,25,1,2025,5,1,1,0,3.0,5.142857142857143,3.3333333333333335
7,2,7,16.5,CREDIT,11,2,2025,1,1,0,0,7.0,5.142857142857143,3.3
8,0,8,19.1,CASH,3,1,2025,4,1,0,0,7.0,6.285714285714286,3.566666666666667
4,0,4,40.38,CASH,28,1,2025,1,1,0,0,8.0,6.142857142857143,3.6333333333333333
2,1,0,26.9,CREDIT,23,1,2025,3,1,0,0,4.0,5.571428571428571,3.6333333333333333
1,0,0,9.03,CASH,15,1,2025,2,1,0,0,0.0,4.142857142857143,3.6333333333333333
7,0,0,48.93,CASH,14,2,2025,4,1,0,0,0.0,3.7142857142857144,3.466666666666667
7,1,4,25.47,CASH,21,2,2025,4,1,0,0,0.0,3.2857142857142856,3.4
7,1,0,20.51,CASH,9,2,2025,6,1,1,0,4.0,2.2857142857142856,3.2
2,3,0,25.33,CREDIT,28,1,2025,1,1,0,0,0.0,1.1428571428571428,3.2
1,3,7,9.79,CASH,25,1,2025,5,1,1,0,0.0,1.5714285714285714,3.433333333333333
1,1,0,30.61,CASH,31,1,2025,4,1,0,0,7.0,1.5714285714285714,3.433333333333333
1,1,3,30.16,CASH,10,2,2025,0,1,0,0,0.0,2.0,3.433333333333333
7,3,7,8.65,UPI,15,2,2025,5,1,1,0,3.0,3.0,3.6
8,0,0,35.06,CASH,23,1,2025,3,1,0,0,7.0,2.4285714285714284,3.566666666666667
6,1,0,43.74,UPI,29,1,2025,2,1,0,0,0.0,2.4285714285714284,3.533333333333333
1,2,1,23.56,UPI,5,1,2025,6,1,1,0,0.0,2.5714285714285716,3.5
6,3,0,9.1,CASH,14,1,2025,1,1,0,0,1.0,1.5714285714285714,3.5
2,0,5,49.85,CASH,9,2,2025,6,1,1,0,0.0,2.2857142857142856,3.6666666666666665
8,3,0,47.77,CASH,6,2,2025,3,1,0,0,5.0,1.8571428571428572,3.3333333333333335
2,1,1,29.65,CASH,11,1,2025,5,1,1,0,0.0,1.0,3.3
4,3,5,42.83,UPI,12,1,2025,6,1,1,0,1.0,1.7142857142857142,3.2
2,0,0,29.3,CASH,22,1,2025,2,1,0,0,5.0,1.7142857142857142,2.933333333333333
1,3,0,19.7,CASH,2,2,2025,6,1,1,0,0.0,1.5714285714285714,2.933333333333333
7,1,6,7.17,CASH,31,1,2025,4,1,0,0,0.0,2.4285714285714284,2.9
8,2,10,39.23,CASH,25,1,2025,5,1,1,0,6.0,3.142857142857143,3.2333333333333334
8,0,3,37.97,CREDIT,15,2,2025,5,1,1,0,10.0,3.5714285714285716,3.1666666666666665
8,2,0,13.94,CASH,11,2,2025,1,1,0,0,3.0,3.4285714285714284,3.033333333333333
7,2,4,40.26,CASH,6,1,2025,0,1,0,0,0.0,3.2857142857142856,2.8333333333333335
1,2,0,42.93,UPI,12,1,2025,6,1,1,0,4.0,3.2857142857142856,2.7333333333333334
5,1,0,15.12,CASH,8,2,2025,5,1,1,0,0.0,3.2857142857142856,2.5
7,0,2,16.27,CASH,21,1,2025,1,1,0,0,0.0,2.7142857142857144,2.3333333333333335
1,1,0,10.7,CASH,15,2,2025,5,1,1,0,2.0,1.2857142857142858,2.066666666666667
8,0,4,6.24,CASH,21,1,2025,1,1,0,0,0.0,1.4285714285714286,2.066666666666667
7,3,9,40.4,CASH,10,2,2025,0,1,0,0,4.0,2.7142857142857144,2.3666666666666667
2,2,4,22.64,CASH,11,1,2025,5,1,1,0,9.0,2.7142857142857144,2.5
2,1,0,47.93,UPI,5,1,2025,6,1,1,0,4.0,2.7142857142857144,2.5
7,3,4,34.41,CASH,9,1,2025,3,1,0,0,0.0,3.2857142857142856,2.5
5,0,3,25.51,CASH,12,1,2025,6,1,1,0,4.0,3.4285714285714284,2.6
5,0,6,43.59,CASH,28,1,2025,1,1,0,0,3.0,4.285714285714286,2.8
1,2,0,9.74,CASH,27,1,2025,0,1,0,0,6.0,3.7142857142857144,2.566666666666667
4,1,0,35.48,CASH,26,2,2025,2,1,0,0,0.0,2.4285714285714284,2.566666666666667
5,3,8,46.93,CREDIT,3,2,2025,0,1,0,0,0.0,3.0,2.7333333333333334
4,2,0,21.03,UPI,15,1,2025,2,1,0,0,8.0,3.0,2.5
8,2,1,6.03,CASH,31,1,2025,4,1,0,0,0.0,2.5714285714285716,2.533333333333333
1,0,9,11.9,CASH,1,2,2025,5,1,1,0,1.0,3.4285714285714284,2.8333333333333335
6,2,0,34.25,UPI,11,1,2025,5,1,1,0,9.0,2.5714285714285716,2.8
2,2,1,31.84,CASH,31,1,2025,4,1,0,0,0.0,2.7142857142857144,2.8333333333333335
6,0,8,30.51,CASH,10,1,2025,4,1,0,0,1.0,3.857142857142857,2.933333333333333
8,1,5,41.24,CASH,18,2,2025,1,1,0,0,8.0,3.4285714285714284,3.1
1,3,0,41.84,CASH,15,2,2025,5,1,1,0,5.0,3.4285714285714284,3.066666666666667
1,2,9,43.72,CASH,6,2,2025,3,1,0,0,0.0,4.571428571428571,3.2
5,2,5,20.23,UPI,21,1,2025,1,1,0,0,9.0,4.0,3.3666666666666667
1,0,0,38.04,UPI,4,2,2025,1,1,0,0,5.0,4.0,3.3666666666666667
6,2,0,42.5,UPI,20,2,2025,3,1,0,0,0.0,3.857142857142857,3.1666666666666665
0,0,5,10.19,CASH,20,2,2025,3,1,0,0,0.0,3.4285714285714284,3.0
0,3,5,5.16,CASH,23,2,2025,6,1,1,0,5.0,3.4285714285714284,3.066666666666667
3,2,5,10.0,CASH,15,2,2025,5,1,1,0,5.0,4.142857142857143,3.2333333333333334
2,1,4,10.0,CASH,3,1,2025,4,1,0,0,5.0,3.4285714285714284,3.2333333333333334
6,0,1,10.0,UPI,19,1,2025,6,1,1,0,4.0,2.857142857142857,3.2666666666666666
3,1,9,10.0,CARD,25,2,2025,1,1,0,0,1.0,4.142857142857143,3.566666666666667
3,2,5,10.0,CASH,15,2,2025,5,1,1,0,9.0,4.857142857142857,3.6666666666666665
0,0,5,16.02,CASH,1,1,2025,2,1,0,1,5.0,4.857142857142857,3.8333333333333335
8,3,3,18.87,UPI,26,2,2025,2,1,0,0,5.0,4.571428571428571,3.8
1,0,9,38.66,CASH,10,2,2025,0,1,0,0,3.0,5.142857142857143,3.8
1,2,5,10.0,CASH,13,1,2025,0,1,0,0,9.0,5.285714285714286,3.8333333333333335
5,0,8,16.16,UPI,28,1,2025,1,1,0,0,5.0,6.285714285714286,4.1
2,1,5,10.0,CASH,18,2,2025,1,1,0,0,8.0,5.714285714285714,4.133333333333334
8,0,10,35.38,CASH,12,2,2025,2,1,0,0,5.0,6.428571428571429,4.366666666666666
2,0,5,35.1,CARD,31,1,2025,4,1,0,0,10.0,6.428571428571429,4.333333333333333
6,0,9,10.0,UPI,19,2,2025,2,1,0,0,5.0,7.285714285714286,4.633333333333334
5,0,1,11.88,CASH,17,1,2025,4,1,0,0,9.0,6.142857142857143,4.666666666666667
6,3,6,10.0,CARD,16,2,2025,6,1,1,0,1.0,6.285714285714286,4.6
0,0,5,16.02,CASH,1,1,2025,2,1,0,1,6.0,5.857142857142857,4.766666666666667
